seed,protocol,case_id,gt_et_voxels,small_gt_lesions,baseline_pred_et_voxels,baseline_et_dice,baseline_hd95_mm,baseline_boundary_dice,baseline_boundary_valid,baseline_small_detected_lesions,baseline_small_missed_lesions,baseline_small_gt_anchored_dice,lhfc_pred_et_voxels,lhfc_et_dice,lhfc_hd95_mm,lhfc_boundary_dice,lhfc_boundary_valid,lhfc_small_detected_lesions,lhfc_small_missed_lesions,lhfc_small_gt_anchored_dice,full_pred_et_voxels,full_et_dice,full_hd95_mm,full_boundary_dice,full_boundary_valid,full_small_detected_lesions,full_small_missed_lesions,full_small_gt_anchored_dice,small_detection_gain,small_dice_gain,et_dice_gain,hd95_improvement,boundary_dice_improvement,all_models_boundary_valid,regression_score
42,stability_runner,BraTS20_Training_018,1695,0,2799,0.6933689363595905,16.583123951777,0.7397003745318352,True,0,0,,2795,0.6997772828507796,17.029386365926403,0.7484253427195258,True,0,0,,2370,0.7503075030750308,15.456326443257062,0.8091692789968652,True,0,0,,0,,0.0569385667154402,1.1267975085199389,0.0694689044650299,True,-0.1839296892330991
42,stability_runner,BraTS20_Training_021,3003,0,6158,0.6368300403886039,2.8284271247461903,0.594228356336261,True,0,0,,7472,0.5605727923627685,4.242640687119285,0.4330727894479726,True,0,0,,7085,0.58406026962728,3.741657386773941,0.4950932286555446,True,0,0,,0,,-0.0527697707613239,-0.913230262027751,-0.0991351276807163,True,1.8255881322407577
42,stability_runner,BraTS20_Training_026,23676,0,25127,0.7211441919554126,6.164414002968976,0.5734619395203336,True,0,0,,29097,0.7282511890550092,5.0,0.5588415882112158,True,0,0,,28564,0.7284456355283307,4.47213595499958,0.5777710661431592,True,0,0,,0,,0.0073014435729181,1.6922780479693964,0.0043091266228255,True,0.4306159611675471
42,stability_runner,BraTS20_Training_030,6149,0,7664,0.7875190038369652,15.112899702493513,0.7628510428641813,True,0,0,,8853,0.7530995867217705,3.605551275463989,0.6837932128131938,True,0,0,,8733,0.7574250772745599,3.605551275463989,0.6972879761718138,True,0,0,,0,,-0.0300939265624052,11.50734842702952,-0.0655630666923674,True,-0.012712224051196
42,stability_runner,BraTS20_Training_035,24262,1,29460,0.7595398533189383,4.123105625617661,0.8041014379825742,True,0,1,0.0,34831,0.7650652361531822,2.23606797749979,0.7901154671480636,True,0,1,0.0,36972,0.751575921873469,2.23606797749979,0.7673117276754489,True,0,1,0.0,0,0.0,-0.0079639314454692,1.8870376481178708,-0.0367897103071253,True,0.8376155326617207
42,stability_runner,BraTS20_Training_038,26254,0,26777,0.7951198355678754,2.0,0.8594459914993404,True,0,0,,27965,0.8178682749589627,1.7320508075688772,0.8823529411764706,True,0,0,,27856,0.8294585104416928,1.4142135623730951,0.8968477241578302,True,0,0,,0,,0.0343386748738174,0.5857864376269049,0.0374017326584897,True,0.2165812927164563
42,stability_runner,BraTS20_Training_058,6708,0,13650,0.5572256606739365,17.93180993493549,0.5465504451038575,True,0,0,,16002,0.5245266402465875,17.01175454637055,0.4835173692270492,True,0,0,,15343,0.5381161852070201,12.68857754044952,0.5117056856187291,True,0,0,,0,,-0.0191094754669164,5.24323239448597,-0.0348447594851284,True,0.4155012539400943
42,stability_runner,BraTS20_Training_060,16172,0,16079,0.809463272456668,1.4142135623730951,0.933860022282994,True,0,0,,17069,0.8363767636352697,1.0,0.9557319567546508,True,0,0,,17617,0.8412205155523987,1.0,0.9582790091264668,True,0,0,,0,,0.0317572430957306,0.4142135623730951,0.0244189868434727,True,0.3730512295631258
42,stability_runner,BraTS20_Training_071,11713,0,8891,0.822461657930499,6.606715710967692,0.7216554940250656,True,0,0,,9964,0.8503944272731466,4.242640687119285,0.7833544214817939,True,0,0,,9905,0.8566934961606069,4.123105625617661,0.8019787985865724,True,0,0,,0,,0.0342318382301078,2.483610085350032,0.0803233045615068,True,-0.4599934630597953
42,stability_runner,BraTS20_Training_089,18581,1,17049,0.95183833847881,62.80127387243033,0.9333746513789898,True,0,1,0.0,16879,0.9483925549915396,5.0990195135927845,0.9298087061304412,True,0,1,0.0,17588,0.9641958583317204,62.72997372335853,0.9484889087390204,True,0,1,0.0,0,0.0,0.0123575198529105,0.0713001490717957,0.0151142573600305,True,0.5115217592012441
42,stability_runner,BraTS20_Training_093,24337,1,23329,0.93949565728192,1.4142135623730951,0.9589370322049028,True,0,1,0.0,25164,0.9456374618694572,1.4142135623730951,0.9545795028941096,True,0,1,0.0,25334,0.9453403394334724,1.4142135623730951,0.9531387553328368,True,0,1,0.0,0,0.0,0.0058446821515523,0.0,-0.005798276872066,True,0.7390151206304734
42,stability_runner,BraTS20_Training_101,13927,3,10635,0.8108460223108868,8.54400374531753,0.8256511444356748,True,0,3,0.0,12177,0.8674532638676065,5.916079783099616,0.8929292929292929,True,0,3,0.0,11938,0.8706746568722211,5.0990195135927845,0.8985174203113417,True,0,3,0.0,0,0.0,0.0598286345613343,3.444984231724746,0.0728662758756669,True,-0.496997293556295
42,stability_runner,BraTS20_Training_103,37271,0,30301,0.8440182324039543,3.0,0.8277847214331705,True,0,0,,33053,0.8863830271315625,2.449489742783178,0.8812440401965819,True,0,0,,31485,0.8790505555878759,2.449489742783178,0.883623971286662,True,0,0,,0,,0.0350323231839215,0.5505102572168221,0.0558392498534915,True,0.0277594807051148
42,stability_runner,BraTS20_Training_112,48172,1,47820,0.943182765230436,1.4142135623730951,0.9599777847200528,True,0,1,0.0,49770,0.9533805721753692,1.0,0.9701802108126488,True,0,1,0.0,48855,0.9562286786152308,1.0,0.9766525166767738,True,0,1,0.0,0,0.0,0.0130459133847949,0.4142135623730951,0.0166747319567209,True,0.454135136613308
42,stability_runner,BraTS20_Training_131,8067,0,7427,0.8733703369046082,1.7320508075688772,0.906288316692941,True,0,0,,8278,0.8786784949525849,2.23606797749979,0.9223820675811308,True,0,0,,8123,0.8826436071649166,2.23606797749979,0.9315431791811702,True,0,0,,0,,0.0092732702603084,-0.5040171699309126,0.0252548624882292,True,0.4742154214784434
42,stability_runner,BraTS20_Training_139,4467,0,3809,0.8591106814886419,2.0,0.8725015142337977,True,0,0,,4017,0.8661008958038661,2.23606797749979,0.868774232031017,True,0,0,,4052,0.882028407090034,1.7320508075688772,0.9073801822993236,True,0,0,,0,,0.0229177256013921,0.2679491924311228,0.0348786680655259,True,0.2810447062782821
42,stability_runner,BraTS20_Training_155,29300,1,25598,0.902947284054064,2.23606797749979,0.9234757465476844,True,0,1,0.0,29016,0.9225941422594144,1.7320508075688772,0.9453781512605042,True,0,1,0.0,28358,0.9218495265184364,2.23606797749979,0.9455715684902756,True,0,1,0.0,0,0.0,0.0189022424643724,0.0,0.0220958219425913,True,0.4469582928773603
42,stability_runner,BraTS20_Training_174,25207,1,24169,0.9327608554763448,2.23606797749979,0.9124492669593308,True,0,1,0.0,24711,0.9340117793180815,2.0,0.9219910240718074,True,0,1,0.0,24216,0.9300932764097688,2.23606797749979,0.9075125483419731,True,0,1,0.0,0,0.0,-0.0026675790665761,0.0,-0.0049367186173575,True,0.7299944323312535
42,stability_runner,BraTS20_Training_193,29758,0,38,0.0,97.73944955850732,0.0,True,0,0,,583,0.0,89.3420393767682,0.0,True,0,0,,8272,0.145990007888509,51.17030366419685,0.2226252158894646,True,0,0,,0,,0.145990007888509,46.56914589431048,0.2226252158894646,True,-7.227142243655982
42,stability_runner,BraTS20_Training_200,4539,0,4580,0.8961508937383486,2.0,0.9068594485541358,True,0,0,,4369,0.8940278401436911,2.0,0.9073569482288828,True,0,0,,4506,0.9001658374792704,1.7320508075688772,0.910838581372224,True,0,0,,0,,0.0040149437409218,0.2679491924311228,0.0039791328180882,True,0.6045690582702583
42,stability_runner,BraTS20_Training_205,4439,0,3570,0.8845049319515546,1.4142135623730951,0.952183734939759,True,0,0,,3568,0.8842263019857625,1.4142135623730951,0.9579105599398722,True,0,0,,3713,0.9006378802747792,1.0,0.9768915393216548,True,0,0,,0,,0.0161329483232246,0.4142135623730951,0.0247078043818957,True,0.37002725181673
42,stability_runner,BraTS20_Training_206,5096,0,4276,0.7863849765258216,5.875664527478046,0.7237654320987654,True,0,0,,5805,0.8531327401155857,17.38519158008664,0.7812157721796276,True,0,0,,6033,0.8458981040524756,16.201698024072478,0.7688415446071905,True,0,0,,0,,0.0595131275266539,-10.326033496594432,0.045076112508425,True,1.4424185131749483
42,stability_runner,BraTS20_Training_216,17097,3,21777,0.7145650048875856,3.1622776601683795,0.7753987221382237,True,0,3,0.0,24288,0.7072610849341548,3.3166247903554,0.7372824950080822,True,0,3,0.0,23451,0.6943375752194929,3.3166247903554,0.7437612676724547,True,0,3,0.0,0,0.0,-0.0202274296680926,-0.1543471301870203,-0.031637454465769,True,1.0280324931045408
42,stability_runner,BraTS20_Training_223,30477,0,29132,0.942038953849251,1.4142135623730951,0.940196394075982,True,0,0,,30118,0.948956184503672,1.0,0.9622656311288932,True,0,0,,30064,0.9488776201252044,1.0,0.9630843674393196,True,0,0,,0,,0.0068386662759534,0.4142135623730951,0.0228879733633374,True,0.3890812487878591
42,stability_runner,BraTS20_Training_231,40450,0,31654,0.8669976700321758,3.741657386773941,0.6862479196202922,True,0,0,,36315,0.920679997394646,4.260079425582451,0.8777559874012004,True,0,0,,36943,0.9264920600054268,3.605551275463989,0.8825246686518363,True,0,0,,0,,0.059494389973251,0.1361061113099522,0.1962767490315441,True,-1.393043523160994
42,stability_runner,BraTS20_Training_248,36340,2,34515,0.870312610260391,2.0,0.9048191865273288,True,1,1,0.3061224489795918,31935,0.8670230684730867,2.18885438199966,0.8909761948699022,True,2,0,0.6085858585858586,32269,0.876707137547552,2.0,0.9058476295886368,True,1,1,0.4722222222222222,0,0.1660997732426303,0.006394527287161,0.0,0.001028443061308,True,0.6675379891788382
42,stability_runner,BraTS20_Training_260,17858,1,6763,0.5408391210755047,10.476142988503774,0.2242990654205607,True,0,1,0.0,9409,0.6863974768034621,8.170024180063328,0.3169968717413973,True,0,1,0.0,14808,0.870385109900202,5.0,0.7143426294820717,True,0,1,0.0,0,0.0,0.3295459888246973,5.476142988503774,0.4900435640615109,True,-5.108065469210535
42,stability_runner,BraTS20_Training_261,9426,8,3080,0.4284343515112745,30.03331483536241,0.414000668821759,True,0,8,0.0,4644,0.5468372423596304,25.21308474374715,0.5638200183654729,True,0,8,0.0,2233,0.3559481945278325,31.064449134018133,0.3584710743801653,True,0,8,0.0,0,0.0,-0.072486156983442,-1.0311342986557186,-0.0555295944415937,True,1.3831430203449244
42,stability_runner,BraTS20_Training_267,5256,0,4791,0.8422414651139644,16.401219466856727,0.8624364252845725,True,0,0,,6275,0.8432919954904171,16.70326626560729,0.8370195404767017,True,0,0,,5567,0.8716622008685208,16.26957994211361,0.9100469903781606,True,0,0,,0,,0.0294207357545563,0.1316395247431181,0.047610565093588,True,0.1640560076469474
42,stability_runner,BraTS20_Training_298,94,3,81,0.48,23.3275859649317,0.754601226993865,True,1,2,0.1481481481481481,76,0.5411764705882353,15.178803000639824,0.8106508875739645,True,2,1,0.3664419475655431,100,0.5360824742268041,20.109666545231956,0.8,True,2,1,0.3856209150326797,1,0.2374727668845315,0.0560824742268041,3.217919419699747,0.045398773006135,True,-0.1822264235342546
42,stability_runner,BraTS20_Training_309,1976,4,2492,0.6056401074306177,36.56158755551159,0.6245458215583367,True,1,3,0.0594900849858356,2322,0.6272684969753374,20.285451557760364,0.6663924310983135,True,1,3,0.0650154798761609,2321,0.6325343262741447,18.934082436570947,0.6768790849673203,True,1,3,0.075812274368231,0,0.0163221893823953,0.026894218843527,17.627505118940647,0.0523332634089835,True,-1.979718338090018
42,stability_runner,BraTS20_Training_323,4674,0,962,0.0,38.957668890779686,0.0,True,0,0,,395,0.0,39.408120990476064,0.0,True,0,0,,618,0.0003779289493575,39.10242959203431,0.001357312521208,True,0,0,,0,,0.0003779289493575,-0.1447607012546186,0.001357312521208,True,0.6814231083811237
42,stability_runner,BraTS20_Training_332,1918,1,1637,0.860196905766526,1.7320508075688772,0.9115357395612173,True,1,0,0.0444444444444444,1929,0.8557317390174162,1.4142135623730951,0.9113924050632912,True,1,0,0.056338028169014,1914,0.8590814196242171,1.4142135623730951,0.915994623655914,True,1,0,0.032258064516129,0,-0.0121863799283154,-0.0011154861423088,0.317837245195782,0.0044588840946967,True,0.5935741616932915
42,stability_runner,BraTS20_Training_337,27216,0,26143,0.9004291684626773,3.0,0.932124396237607,True,0,0,,26040,0.9195208051674928,2.23606797749979,0.9589605515440788,True,0,0,,26816,0.9196402132069884,2.23606797749979,0.9616630232369848,True,0,0,,0,,0.0192110447443111,0.7639320225002102,0.0295386269993778,True,0.2775848353883774
42,stability_runner,BraTS20_Training_339,38523,0,38289,0.9251158673123993,1.4142135623730951,0.9525502430530364,True,0,0,,38112,0.9275135382005611,1.4142135623730951,0.9539100198694296,True,0,0,,38105,0.9249621548259122,1.4142135623730951,0.9477022286787372,True,0,0,,0,,-0.0001537124864869,0.0,-0.0048480143742991,True,0.7290656810563687
42,stability_runner,BraTS20_Training_340,30930,0,30296,0.9417241041387646,1.0,0.980207553225634,True,0,0,,30359,0.9489141607792588,1.0,0.977948529024788,True,0,0,,30362,0.9525223520198396,1.0,0.9857492068445416,True,0,0,,0,,0.0107982478810748,0.0,0.0055416536189075,True,0.6202837664418854
42,stability_runner,BraTS20_Training_360,40064,0,43356,0.9161352193718532,4.0,0.9082952318745918,True,0,0,,45479,0.9188829009971592,3.1622776601683795,0.9077450725015196,True,0,0,,44514,0.9249686679751236,2.23606797749979,0.9214489742923916,True,0,0,,0,,0.0088334486032702,1.7639320225002102,0.0131537424177997,True,0.329433779860896
55,main_experiment,BraTS20_Training_018,1695,0,3449,0.6411353032659409,14.89966442575134,0.6606189967982924,True,0,0,,2861,0.6979806848112379,15.470865354614848,0.7573663150236449,True,0,0,,2861,0.6979806848112379,15.29378643894789,0.7580882352941176,True,0,0,,0,,0.0568453815452969,-0.3941220131965508,0.0974692384958252,True,-0.2553478145140914
55,main_experiment,BraTS20_Training_021,3003,0,6475,0.5944292044735177,3.605551275463989,0.4954391451654938,True,0,0,,5781,0.613615664845173,3.1622776601683795,0.563903743315508,True,0,0,,7435,0.5441655489557387,4.846838554130624,0.4150280898876404,True,0,0,,0,,-0.050263655517779,-1.241287278666635,-0.0804110552778534,True,1.7636232296732772
55,main_experiment,BraTS20_Training_026,23676,0,25263,0.7103128384315168,6.4031242374328485,0.5296580970050357,True,0,0,,25226,0.7340804057093779,4.898979485566356,0.6238171132582927,True,0,0,,24261,0.7070947284978201,5.385164807134504,0.590110217456062,True,0,0,,0,,-0.0032181099336967,1.0179594302983448,0.0604521204510262,True,-0.3250532350906449
55,main_experiment,BraTS20_Training_030,6149,0,7711,0.7789321789321789,15.112899702493513,0.7344717897204085,True,0,0,,7939,0.7950028392958546,3.375615520268288,0.7858842188739096,True,0,0,,7874,0.7895600085573701,3.4641016151377544,0.7785725639802893,True,0,0,,0,,0.0106278296251911,11.648798087355758,0.0441007742598807,True,-3.4420313552693726
55,main_experiment,BraTS20_Training_035,24262,1,33776,0.7643957407215962,2.449489742783178,0.7826606245828504,True,0,1,0.0,33488,0.7748225108225109,2.23606797749979,0.8226435390614495,True,0,1,0.0,35109,0.7606407168482929,2.449489742783178,0.7825230852797392,True,0,1,0.0,0,0.0,-0.0037550238733032,0.0,-0.0001375393031111,True,0.5875958636949318
55,main_experiment,BraTS20_Training_038,26254,0,25981,0.736938834115057,8.324616783644835,0.7769741697416974,True,0,0,,25938,0.7700413856529736,2.8284271247461903,0.8389445273101783,True,0,0,,26405,0.790899941130671,2.23606797749979,0.8581861783300633,True,0,0,,0,,0.0539611070156139,6.088548806145045,0.0812120085883658,True,-2.0939603641263544
55,main_experiment,BraTS20_Training_058,6708,0,12968,0.5668835129091279,15.811388300841896,0.527537688442211,True,0,0,,12596,0.5864069622876088,11.74734012447073,0.5768372093023256,True,0,0,,13805,0.5525276653829279,10.954451150103322,0.5380033780780514,True,0,0,,0,,-0.0143558475262,4.856937150738574,0.0104656896358403,True,-1.0150589430750616
55,main_experiment,BraTS20_Training_060,16172,0,17983,0.8176840872493046,1.4142135623730951,0.922429435483871,True,0,0,,16994,0.8417053609117772,1.0,0.9579212720573976,True,0,0,,17197,0.8377835715784111,1.0,0.9571755316560416,True,0,0,,0,,0.0200994843291064,0.4142135623730951,0.0347460961721706,True,0.115153416621925
55,main_experiment,BraTS20_Training_071,11713,0,8951,0.8312040263259776,5.744562646538029,0.7364375461936438,True,0,0,,9337,0.8457957244655582,4.318208553793146,0.7904040404040404,True,0,0,,9194,0.8412493423255369,5.0,0.7712071192765897,True,0,0,,0,,0.0100453159995593,0.7445626465380286,0.0347695730829459,True,0.0130417259417107
55,main_experiment,BraTS20_Training_089,18581,1,17327,0.9568898295644424,62.808436609048165,0.9269811614510354,True,0,1,0.0,16759,0.945217883418223,62.96943696716623,0.9270693512304252,True,0,1,0.0,16698,0.9446979789676578,62.96943696716623,0.9272863568215892,True,0,1,0.0,0,0.0,-0.0121918505967846,-0.1610003581180663,0.0003051953705538,True,0.632873562332338
55,main_experiment,BraTS20_Training_093,24337,1,25450,0.9433386225319864,1.4142135623730951,0.9420902975241,True,0,1,0.0,25042,0.9523886672472104,1.0,0.9768690349946978,True,1,0,0.0571428571428571,25495,0.948466848611334,1.4142135623730951,0.9690344873413516,True,0,1,0.0,0,0.0,0.0051282260793478,0.0,0.0269441898172514,True,0.3199906456794126
55,main_experiment,BraTS20_Training_101,13927,3,13418,0.8324739440482721,6.708203932499369,0.8445336008024072,True,0,3,0.0,12415,0.8684989750208792,6.4031242374328485,0.8893638976929313,True,0,3,0.0,12936,0.8653538324088895,5.916079783099616,0.8915777859507171,True,0,3,0.0,0,0.0,0.0328798883606173,0.7921241493997533,0.0470441851483098,True,-0.1229165185554473
55,main_experiment,BraTS20_Training_103,37271,0,31757,0.8553050935852118,3.0,0.8421588594704684,True,0,0,,34804,0.899091224419008,2.23606797749979,0.9059312697679376,True,0,0,,33894,0.8935291224618843,2.23606797749979,0.8987938793879388,True,0,0,,0,,0.0382240288766725,0.7639320225002102,0.0566350199174703,True,-0.2089928733792554
55,main_experiment,BraTS20_Training_112,48172,1,49097,0.9433632503675374,1.4142135623730951,0.9509717780198924,True,0,1,0.0,48160,0.9589544491965288,1.0,0.9861967792484914,True,0,1,0.0,48853,0.9555681525380056,1.0,0.9764015777230892,True,0,1,0.0,0,0.0,0.0122049021704682,0.4142135623730951,0.0254297997031969,True,0.2072114065898691
55,main_experiment,BraTS20_Training_131,8067,0,7646,0.8740533316362248,2.0,0.8937754921085299,True,0,0,,8196,0.8855684683022812,2.449489742783178,0.9315558445781174,True,0,0,,8252,0.8887799497518231,2.23606797749979,0.930091683038638,True,0,0,,0,,0.0147266181155982,-0.2360679774997898,0.0363161909301079,True,0.3001856151571155
55,main_experiment,BraTS20_Training_139,4467,0,4121,0.8728458313926409,2.8284271247461903,0.8538461538461538,True,0,0,,4151,0.8895335344627524,1.4142135623730951,0.9313923320841742,True,0,0,,4060,0.8781517532543685,1.4142135623730951,0.9020937776467118,True,0,0,,0,,0.0053059218617275,1.4142135623730951,0.048247623800558,True,-0.3266606356061942
55,main_experiment,BraTS20_Training_155,29300,1,26360,0.9101688825008984,1.7320508075688772,0.9303888147818784,True,0,1,0.0,26513,0.9344776306595236,1.4142135623730951,0.9634451445515196,True,0,1,0.0,25562,0.9137107651926653,1.4142135623730951,0.9500047032264132,True,0,1,0.0,0,0.0,0.0035418826917669,0.317837245195782,0.0196158884445348,True,0.2943834210109695
55,main_experiment,BraTS20_Training_174,25207,1,23947,0.930178622289132,2.23606797749979,0.9128413712957584,True,0,1,0.0,23958,0.9328587409742704,1.7320508075688772,0.9217426381605486,True,0,1,0.0,23838,0.9311448669589152,2.0,0.9154426681814494,True,0,1,0.0,0,0.0,0.0009662446697832,0.2360679774997898,0.0026012968856911,True,0.4877289470510472
55,main_experiment,BraTS20_Training_193,29758,0,553,0.0,79.22878260851947,0.0,True,0,0,,0,0.0,,,False,0,0,,32,0.0021483719368915,31.451549398647117,0.0077488094277181,True,0,0,,0,,0.0021483719368915,47.77723320987235,0.0077488094277181,False,-14.224837991395267
55,main_experiment,BraTS20_Training_200,4539,0,4352,0.8950624226746148,2.0,0.9153184165232358,True,0,0,,4333,0.8866095581605049,2.0,0.9076770350761084,True,0,0,,4290,0.8854909955827387,2.0,0.9021956087824352,True,0,0,,0,,-0.009571427091876,0.0,-0.0131228077408006,True,0.7159084088730452
55,main_experiment,BraTS20_Training_205,4439,0,3772,0.906832298136646,1.0,0.9681528662420382,True,0,0,,3512,0.8776254559174946,1.4142135623730951,0.9413489736070382,True,0,0,,3391,0.8628352490421456,1.4142135623730951,0.9070025935531678,True,0,0,,0,,-0.0439970490945004,-0.4142135623730951,-0.0611502726888704,True,1.318230205081834
55,main_experiment,BraTS20_Training_206,5096,0,6561,0.8458436990649395,4.0,0.7459900845727617,True,0,0,,5539,0.8787964268923366,5.0,0.8481012658227848,True,0,0,,5452,0.8934395145999242,3.2857553643179886,0.884648493543759,True,0,0,,0,,0.0475958155349847,0.7142446356820114,0.1386584089709972,True,-1.0041746470592068
55,main_experiment,BraTS20_Training_216,17097,3,21213,0.739180370660402,3.0,0.7952612393681653,True,0,3,0.0,24313,0.7262496981405457,3.1622776601683795,0.7758297093156329,True,0,3,0.0,24325,0.7322678769735889,3.1622776601683795,0.7784251167522079,True,0,3,0.0,0,0.0,-0.0069124936868131,-0.1622776601683795,-0.0168361226159573,True,0.8026475880212093
55,main_experiment,BraTS20_Training_223,30477,0,31182,0.9485395481600416,1.4142135623730951,0.93722874135991,True,0,0,,28951,0.9377061317897288,1.4142135623730951,0.9472683001065288,True,0,0,,28842,0.9384177076484768,1.4142135623730951,0.9492970730583083,True,0,0,,0,,-0.0101218405115646,0.0,0.0120683316983983,True,0.4669848511590925
55,main_experiment,BraTS20_Training_231,40450,0,32920,0.8917541229385307,2.449489742783178,0.7664828277763851,True,0,0,,35478,0.9084395743335792,4.283331076866813,0.8372401082762195,True,0,0,,35728,0.911601774790622,4.123105625617661,0.8443428968070338,True,0,0,,0,,0.0198476518520912,-1.6736158828344827,0.0778600690306486,True,0.3330141995981547
55,main_experiment,BraTS20_Training_248,36340,2,39635,0.8759460348798948,1.4142135623730951,0.8933111603843311,True,1,1,0.2444444444444444,39679,0.8874623449400808,1.4142135623730951,0.924126984126984,True,0,2,0.0,39365,0.8843537414965986,1.4142135623730951,0.9258466259857974,True,0,2,0.0,-1,-0.2444444444444444,0.0084077066167038,0.0,0.0325354656014662,True,0.2647410503315781
55,main_experiment,BraTS20_Training_260,17858,1,16158,0.886406396989652,4.58257569495584,0.7451332320861521,True,0,1,0.0,13262,0.8345115681233933,5.074264635194588,0.5932383867962199,True,0,1,0.0,12437,0.8002640699785443,5.385164807134504,0.5130974885228193,True,0,1,0.0,0,0.0,-0.0861423270111076,-0.8025891121786639,-0.2320357435633327,True,3.12659183707912
55,main_experiment,BraTS20_Training_261,9426,8,4304,0.5158048069919884,14.45683229480096,0.5270116723478979,True,0,8,0.0,5056,0.59245960502693,8.12403840463596,0.6480795476701111,True,0,8,0.0,5164,0.5680603152844415,14.45683229480096,0.6091617933723197,True,0,8,0.0,0,0.0,0.052255508292453,0.0,0.0821501210244217,True,-0.2255208757890065
55,main_experiment,BraTS20_Training_267,5256,0,5032,0.8576982892690513,14.881186802613277,0.8899463152757443,True,0,0,,4939,0.8694458067680235,16.623717573717215,0.9162401116798512,True,0,0,,4888,0.8732255520504731,15.0,0.928856539093684,True,0,0,,0,,0.0155272627814218,-0.118813197386725,0.0389102238179396,True,0.2383915644180805
55,main_experiment,BraTS20_Training_298,94,3,10,0.1538461538461538,24.04550642652348,0.3076923076923077,True,1,2,0.1333333333333333,81,0.48,15.876018794218888,0.7894736842105263,True,1,2,0.1580756013745704,123,0.5161290322580645,15.524174696260024,0.8151658767772512,True,1,2,0.1333333333333333,0,0.0,0.3622828784119106,8.521331730263453,0.5074735690849435,True,-7.056289124262612
55,main_experiment,BraTS20_Training_309,1976,4,2626,0.5880052151238592,26.98610634484806,0.6015403323875153,True,1,3,0.0541237113402061,2654,0.6228941684665227,15.0,0.6755840241145441,True,2,2,0.1782517482517482,2190,0.6442630820931349,37.359733643394605,0.6933502753070733,True,1,3,0.0823529411764705,0,0.0282292298362644,0.0562578669692757,-10.373627298546545,0.091809942919558,True,2.8782548073111363
55,main_experiment,BraTS20_Training_323,4674,0,2459,0.0002803869339688,30.343037800552786,0.0010272213662044,True,0,0,,907,0.0,44.76996450956309,0.0,True,0,0,,1565,0.0003205641929796,27.714605975265684,0.0014072614691809,True,0,0,,0,,4.017725901076712e-05,2.6284318252871017,0.0003800401029765,True,-0.2281273030848011
55,main_experiment,BraTS20_Training_332,1918,1,1076,0.7134268537074149,3.1622776601683795,0.6204918032786885,True,0,1,0.0,1332,0.7686153846153846,2.257410154028133,0.7614814814814815,True,0,1,0.0,1305,0.774433757368911,2.487383480979488,0.7589820359281437,True,0,1,0.0,0,0.0,0.061006903661496,0.6748941791888918,0.1384902326494552,True,-0.9903771441103124
55,main_experiment,BraTS20_Training_337,27216,0,24469,0.8879171906742769,4.123105625617661,0.9175577785443256,True,0,0,,24915,0.9028792848784792,3.605551275463989,0.9359095970635544,True,0,0,,24478,0.893333849189461,4.123105625617661,0.9248054230479538,True,0,0,,0,,0.0054166585151841,0.0,0.0072476445036281,True,0.5146199575441992
55,main_experiment,BraTS20_Training_339,38523,0,40671,0.9231759981816804,1.6049159094901018,0.9498784161434326,True,0,0,,39818,0.9398654599762576,1.4142135623730951,0.9604417109309478,True,0,0,,39322,0.9351403429892736,1.4142135623730951,0.9608507036292456,True,0,0,,0,,0.0119643448075931,0.1907023471170066,0.010972287485813,True,0.4190026632835733
55,main_experiment,BraTS20_Training_340,30930,0,29026,0.9395223163653346,1.0,0.9854318981857568,True,0,0,,29890,0.9488326208484053,1.0,0.9861540045295448,True,0,0,,28674,0.9406751224750016,1.0,0.984749226979718,True,0,0,,0,,0.001152806109667,0.0,-0.0006826712060388,True,0.5929825264549731
55,main_experiment,BraTS20_Training_360,40064,0,43288,0.9340867645647376,2.0,0.9279971413257102,True,0,0,,42977,0.924434917691261,3.0,0.9117732861012712,True,0,0,,42076,0.9289018748478208,2.8284271247461903,0.92196261682243,True,0,0,,0,,-0.0051848897169166,-0.8284271247461903,-0.0060345245032803,True,0.9013533410137684
123,stability_runner,BraTS20_Training_018,1695,0,4710,0.5083528493364559,26.69643637996848,0.4455974842767295,True,0,0,,3579,0.6204019719378081,18.772292769218687,0.6532748143146523,True,0,0,,3000,0.6794462193823216,16.175592184046344,0.7421338155515371,True,0,0,,0,,0.1710933700458657,10.520844195922134,0.2965363312748075,True,-3.234793019580244
123,stability_runner,BraTS20_Training_021,3003,0,6845,0.6054021121039805,6.164414002968976,0.4763351050366995,True,0,0,,6325,0.6380789022298456,3.278038007808645,0.5953439707036359,True,0,0,,5910,0.6572422304499046,3.0,0.6464190981432361,True,0,0,,0,,0.051840118345924,3.164414002968976,0.1700839931065365,True,-0.6763886225178606
123,stability_runner,BraTS20_Training_026,23676,0,24673,0.6712031272621978,9.899494936611664,0.4019579447372994,True,0,0,,24338,0.6985462573416087,7.599288438215619,0.5208377744617353,True,0,0,,24802,0.7154173026940055,6.164414002968976,0.5679933665008292,True,0,0,,0,,0.0442141754318077,3.735080933642689,0.1660354217635298,True,-0.7653466047275301
123,stability_runner,BraTS20_Training_030,6149,0,8048,0.7569204761569346,12.36931687685298,0.6555906296727031,True,0,0,,7427,0.7902180318208604,4.69041575982343,0.7533692722371967,True,0,0,,6988,0.8009438989114714,5.0990195135927845,0.7970844504021448,True,0,0,,0,,0.0440234227545368,7.270297363260196,0.1414938207294417,True,-1.320689087453891
123,stability_runner,BraTS20_Training_035,24262,1,33154,0.7393757837536575,3.4641016151377544,0.7124173292710114,True,0,1,0.0,33669,0.7671540280678738,2.8284271247461903,0.7842474111781319,True,0,1,0.0,34356,0.7627691152888192,2.449489742783178,0.7845626072041166,True,0,1,0.0,0,0.0,0.0233933315351616,1.0146118723545765,0.0721452779331052,True,0.5531761471000458
123,stability_runner,BraTS20_Training_038,26254,0,28622,0.6846708943800569,13.92838827718412,0.6311855168386218,True,0,0,,27555,0.7467152335111227,3.0,0.767044184486998,True,0,0,,28455,0.7593631760770623,5.196152422706632,0.7970309425862994,True,0,0,,0,,0.0746922816970053,8.732235854477487,0.1658454257476775,True,-1.822969787485844
123,stability_runner,BraTS20_Training_058,6708,0,11773,0.5803798495752395,17.60397475861779,0.5231229899079517,True,0,0,,11811,0.5992764188131109,14.88454637045654,0.5819559228650137,True,0,0,,12756,0.5776818742293465,11.489125293076055,0.5565422768068021,True,0,0,,0,,-0.002697975345893,6.114849465541735,0.0334192868988504,True,-0.2217787397196087
123,stability_runner,BraTS20_Training_060,16172,0,18839,0.7664448316243466,2.23606797749979,0.8204718538637695,True,0,0,,18660,0.825734956361966,1.4142135623730951,0.9296771340114992,True,0,0,,18076,0.8305886475122635,1.4142135623730951,0.9447980951455368,True,0,0,,0,,0.0641438158879168,0.8218544151266947,0.1243262412817671,True,0.1816897895055644
123,stability_runner,BraTS20_Training_071,11713,0,9199,0.7923680183626626,12.976888838089437,0.6391634436327174,True,0,0,,9402,0.8358986502486384,6.4031242374328485,0.7549379232505643,True,0,0,,9153,0.8387807917185852,4.47213595499958,0.7713876967095851,True,0,0,,0,,0.0464127733559226,8.504752883089857,0.1322242530768677,True,-1.509077122094275
123,stability_runner,BraTS20_Training_089,18581,1,16945,0.9431402353206104,63.70361051107004,0.8805826796862494,True,0,1,0.0,16482,0.9385392008670108,62.88123412623305,0.8985083807473474,True,0,1,0.0,16231,0.9316902217626106,62.88123412623305,0.8832294359130303,True,0,1,0.0,0,0.0,-0.0114500135579996,0.8223763848369856,0.0026467562267808,True,1.1431055222860635
123,stability_runner,BraTS20_Training_093,24337,1,26975,0.9141331462425945,2.8284271247461903,0.8448288083929963,True,0,1,0.0,26242,0.932995907392396,1.7320508075688772,0.9189692000275616,True,0,1,0.0,25236,0.9459181409234866,1.4142135623730951,0.9554191677345384,True,0,1,0.0,0,0.0,0.0317849946808922,1.4142135623730951,0.110590359341542,True,0.164684567555838
123,stability_runner,BraTS20_Training_101,13927,3,15925,0.7829961141632051,6.77862368059396,0.7124980073330145,True,0,3,0.0,15228,0.8178357057108557,5.744562646538029,0.8257289620788639,True,0,3,0.0,14358,0.8425667314831182,6.164414002968976,0.8759949416052965,True,0,3,0.0,0,0.0,0.059570617319913,0.6142096776249835,0.1634969342722819,True,-0.0838325080592775
123,stability_runner,BraTS20_Training_103,37271,0,30362,0.7925716735912942,4.69041575982343,0.672068676716918,True,0,0,,29124,0.8281948941938398,3.605551275463989,0.8158605730811674,True,0,0,,28458,0.8326005264038704,4.0,0.84162879070114,True,0,0,,0,,0.0400288528125761,0.6904157598234297,0.1695601139842221,True,-0.1478960421748429
123,stability_runner,BraTS20_Training_112,48172,1,52131,0.9191549604697766,2.449489742783178,0.8748276612727669,True,0,1,0.0,50604,0.9477200939499474,1.4142135623730951,0.95646615762015,True,0,1,0.0,48718,0.955041799979358,1.0,0.9748806662378552,True,0,1,0.0,0,0.0,0.0358868395095813,1.449489742783178,0.1000530049650881,True,0.2404754188830913
123,stability_runner,BraTS20_Training_131,8067,0,7970,0.8704869988152397,4.242640687119285,0.85039941902687,True,0,0,,8152,0.8785991738084962,2.8284271247461903,0.9086166273981824,True,0,0,,8430,0.8773716433290901,2.8284271247461903,0.9086697551290536,True,0,0,,0,,0.0068846445138504,1.4142135623730945,0.0582703361021835,True,0.578123871461941
123,stability_runner,BraTS20_Training_139,4467,0,4079,0.8647320383805289,2.8284271247461903,0.839208410636982,True,0,0,,4533,0.8971111111111111,2.8284271247461903,0.8904028436018957,True,0,0,,4547,0.9017084535167518,2.23606797749979,0.8986406619385343,True,0,0,,0,,0.0369764151362228,0.5923591472464005,0.0594322513015522,True,0.7431306278828274
123,stability_runner,BraTS20_Training_155,29300,1,25007,0.8594840444141639,3.0,0.8384676354029063,True,0,1,0.0,24645,0.8940216887570673,2.23606797749979,0.9210668235524831,True,0,1,0.0,24618,0.9004414110315665,2.0,0.931875,True,0,1,0.0,0,0.0,0.0409573666174025,1.0,0.0934073645970937,True,0.3882574255529148
123,stability_runner,BraTS20_Training_174,25207,1,23676,0.916719513941452,2.23606797749979,0.8794338335607094,True,0,1,0.0,23798,0.9271706968676664,2.0,0.9117695473251028,True,0,1,0.0,23512,0.9279747121246332,2.0,0.914288044364704,True,0,1,0.0,0,0.0,0.0112551981831811,0.2360679774997898,0.0348542108039946,True,1.0128636622369966
123,stability_runner,BraTS20_Training_193,29758,0,89,0.0,92.7523584605804,0.0,True,0,0,,2465,0.0,88.82004278314665,0.0,True,0,0,,894,0.0,90.825106634406,0.0,True,0,0,,0,,0.0,1.9272518261743985,0.0,True,0.9298471274610124
123,stability_runner,BraTS20_Training_200,4539,0,4358,0.8710801393728222,2.8284271247461903,0.8346262341325811,True,0,0,,4375,0.87727170742652,2.23606797749979,0.884,True,0,0,,4267,0.8871224165341812,2.23606797749979,0.9085120643431636,True,0,0,,0,,0.0160422771613589,0.5923591472464005,0.0738858302105824,True,0.6289166571480803
123,stability_runner,BraTS20_Training_205,4439,0,4335,0.9311602461819012,1.4142135623730951,0.9666794331673688,True,0,0,,3874,0.9120654396728016,1.0,0.9736157562244518,True,0,0,,3770,0.901936898526008,1.0,0.964047442550037,True,0,0,,0,,-0.029223347655893,0.4142135623730951,-0.0026319906173317,True,1.271327111771001
123,stability_runner,BraTS20_Training_206,5096,0,6674,0.8222599830076466,4.381546345832435,0.6248149244891916,True,0,0,,6470,0.8111706726612485,12.437812189818365,0.686965811965812,True,0,0,,5361,0.8847661853304006,3.0,0.8578993821712269,True,0,0,,0,,0.062506202322754,1.3815463458324349,0.2330844576820352,True,-0.7963552995275913
123,stability_runner,BraTS20_Training_216,17097,3,19499,0.7460378183408023,2.23606797749979,0.7936455035271899,True,0,3,0.0,25214,0.7436364066082106,3.1622776601683795,0.7671854114951308,True,0,3,0.0,27739,0.7115264519582478,3.605551275463989,0.7229251358881834,True,0,3,0.0,0,0.0,-0.0345113663825544,-1.369483297964199,-0.0707203676390064,True,2.187416443398462
123,stability_runner,BraTS20_Training_223,30477,0,33080,0.9321396541686988,3.0,0.8495641971169963,True,0,0,,29821,0.945338153835948,1.4142135623730951,0.9566872917658258,True,0,0,,28386,0.934339058491752,1.4142135623730951,0.9431235431235432,True,0,0,,0,,0.0021994043230531,1.5857864376269049,0.0935593460065468,True,0.2629016435880217
123,stability_runner,BraTS20_Training_231,40450,0,34468,0.8877439333671481,9.899494936611664,0.7731731081519974,True,0,0,,34605,0.8862567450536274,9.433981132056603,0.7754624209786936,True,0,0,,33857,0.8839274900076709,5.385164807134504,0.7646887045905852,True,0,0,,0,,-0.0038164433594771,4.514330129477162,-0.0084844035614121,True,0.448572301465943
123,stability_runner,BraTS20_Training_248,36340,2,40631,0.8306764885476349,2.23606797749979,0.7814500131002733,True,0,2,0.0,41101,0.8643741687219948,2.23606797749979,0.8793085162795631,True,2,0,0.5366146458583434,41428,0.8733926550766382,1.7320508075688772,0.8961458000921888,True,2,0,0.5034153005464481,2,0.5034153005464481,0.0427161665290033,0.5040171699309126,0.1146957869919155,True,0.3251550095630215
123,stability_runner,BraTS20_Training_260,17858,1,18346,0.9005082311346813,4.58257569495584,0.7703088855626616,True,0,1,0.0,19136,0.8789533437854787,4.123105625617661,0.725786777262747,True,0,1,0.0,18068,0.8964538217446975,4.242640687119285,0.7775759148715287,True,0,1,0.0,0,0.0,-0.0040544093899838,0.339935007836555,0.007267029308867,True,1.2088468364593428
123,stability_runner,BraTS20_Training_261,9426,8,4247,0.4901630951510276,15.748015748023622,0.4821484661292011,True,0,8,0.0,10710,0.6841477949940405,8.774964387392123,0.8188788426763111,True,4,4,0.1322868515665126,10048,0.6878915477046318,7.54983443527075,0.8198534908058006,True,4,4,0.1369240614948701,4,0.1369240614948701,0.1977284525536042,8.198181312752872,0.3377050246765994,True,-3.0678351615434747
123,stability_runner,BraTS20_Training_267,5256,0,3998,0.7843094877890642,17.146428199482248,0.777431906614786,True,0,0,,4670,0.849083215796897,16.382894018310154,0.8965272856130404,True,0,0,,4847,0.8728100564188854,1.4142135623730951,0.9338095238095238,True,0,0,,0,,0.0885005686298212,15.732214637109152,0.1563776171947377,True,-3.231768073901119
123,stability_runner,BraTS20_Training_298,94,3,56,0.0266666666666666,17.27280548908755,0.1224489795918367,True,0,3,0.0,363,0.3150984682713348,12.545370774973042,0.5175644028103045,True,1,2,0.0978260869565217,109,0.5024630541871922,15.178803000639824,0.775,True,1,2,0.1635220125786163,1,0.1635220125786163,0.4757963875205255,2.0940024884477264,0.6525510204081633,True,-4.262033914036183
123,stability_runner,BraTS20_Training_309,1976,4,2508,0.6480820695807314,16.054543530560323,0.6437015898899306,True,2,2,0.1659891598915989,4549,0.4931800766283525,23.322715497683355,0.48837784371909,True,2,2,0.0571242680546519,3799,0.5735064935064935,15.159149900566783,0.6067610517191563,True,2,2,0.0961098398169336,0,-0.0698793200746652,-0.0745755760742379,0.8953936299935403,-0.0369405381707743,True,1.4404535484708008
123,stability_runner,BraTS20_Training_323,4674,0,4039,0.0002295420635831,42.94938530513403,0.0,True,0,0,,4581,0.008860075634792,45.37399606805594,0.0159449175575285,True,0,0,,3074,0.005162622612287,45.6229105852952,0.0069522314420273,True,0,0,,0,,0.0049330805487038,-2.673525280161165,0.0069522314420273,True,1.8500237897554703
123,stability_runner,BraTS20_Training_332,1918,1,996,0.6753603294440631,3.177712373187085,0.5302521008403361,True,0,1,0.0,1714,0.7544052863436124,2.449489742783178,0.7366412213740458,True,1,0,0.0754716981132075,1542,0.761849710982659,2.23606797749979,0.7651098901098901,True,1,0,0.0327868852459016,1,0.0327868852459016,0.0864893815385958,0.9416443956872952,0.2348577892695539,True,-0.7171331416227504
123,stability_runner,BraTS20_Training_337,27216,0,25407,0.8610303479467153,3.4641016151377544,0.8785208917367507,True,0,0,,25603,0.907438611105852,2.23606797749979,0.9457406177349718,True,0,0,,24632,0.907190248418454,3.0,0.9404944940785372,True,0,0,,0,,0.0461599004717386,0.4641016151377544,0.0619736023417865,True,0.7502321654180489
123,stability_runner,BraTS20_Training_339,38523,0,45160,0.8823536441093173,4.0,0.8776288547455595,True,0,0,,39912,0.9315229170650856,2.0,0.9472995437343048,True,0,0,,38227,0.9337589576547232,1.4142135623730951,0.959909735199746,True,0,0,,0,,0.0514053135454058,2.585786437626905,0.0822808804541865,True,0.1400799640009356
123,stability_runner,BraTS20_Training_340,30930,0,30606,0.9265795631825272,1.4142135623730951,0.9512478556803718,True,0,0,,29709,0.9443757317897724,1.0,0.9861916306524718,True,0,0,,28945,0.9431315240083508,1.0,0.983841351450606,True,0,0,,0,,0.0165519608258234,0.4142135623730951,0.032593495770234,True,0.9929709553678928
123,stability_runner,BraTS20_Training_360,40064,0,48666,0.8872534655697059,5.0990195135927845,0.776213050752928,True,0,0,,58222,0.8084569521600228,27.76688675382964,0.6880718226364665,True,0,0,,49113,0.8825145497157338,20.904544960366877,0.8107079714044123,True,0,0,,0,,-0.004738915853972,-15.805525446774087,0.0344949206514842,True,4.415646538111175
