case_id,seeds_evaluated,comparable_seeds,both_improved_seeds,hd95_improved_seeds,boundary_dice_improved_seeds,mean_hd95_reduction_mm,std_hd95_reduction_mm,mean_boundary_dice_gain,std_boundary_dice_gain,seed42_hd95_improvement,seed42_boundary_dice_improvement,seed42_all_models_boundary_valid,seed55_hd95_improvement,seed55_boundary_dice_improvement,seed55_all_models_boundary_valid,seed123_hd95_improvement,seed123_boundary_dice_improvement,seed123_all_models_boundary_valid,all_seeds_both_improved
BraTS20_Training_298,3,3,3,3,3,4.611084546136976,3.432684386572049,0.40180778749974727,0.317068456220169,3.217919419699747,0.045398773006135,True,8.521331730263453,0.5074735690849435,True,2.0940024884477264,0.6525510204081633,True,True
BraTS20_Training_332,3,3,3,3,3,0.6447919400239898,0.3129911322276417,0.12593563533790195,0.11571139663699792,0.317837245195782,0.0044588840946967,True,0.6748941791888918,0.1384902326494552,True,0.9416443956872952,0.2348577892695539,True,True
BraTS20_Training_038,3,3,3,3,3,5.135523699416479,4.156001944882551,0.094819722331511,0.06529412667754966,0.5857864376269049,0.0374017326584897,True,6.088548806145045,0.0812120085883658,True,8.732235854477487,0.1658454257476775,True,True
BraTS20_Training_101,3,3,3,3,3,1.6171060195831608,1.58548650534565,0.09446913176541953,0.061158182049319956,3.444984231724746,0.0728662758756669,True,0.7921241493997533,0.0470441851483098,True,0.6142096776249835,0.1634969342722819,True,True
BraTS20_Training_103,3,3,3,3,3,0.668286013180154,0.1084182029875107,0.09401146125172798,0.06542826231660082,0.5505102572168221,0.0558392498534915,True,0.7639320225002102,0.0566350199174703,True,0.6904157598234297,0.1695601139842221,True,True
BraTS20_Training_071,3,3,3,3,3,3.910975204992639,4.072243425367379,0.08243904357377346,0.048761777314362174,2.483610085350032,0.0803233045615068,True,0.7445626465380286,0.0347695730829459,True,8.504752883089857,0.1322242530768677,True,True
BraTS20_Training_026,3,3,3,3,3,2.1484394706368097,1.4148320566878339,0.07693222294579384,0.08211299512661248,1.6922780479693964,0.0043091266228255,True,1.0179594302983448,0.0604521204510262,True,3.735080933642689,0.1660354217635298,True,True
BraTS20_Training_060,3,3,3,3,3,0.550093846624295,0.23535155606997932,0.06116377476580346,0.05494347257915985,0.4142135623730951,0.0244189868434727,True,0.4142135623730951,0.0347460961721706,True,0.8218544151266947,0.1243262412817671,True,True
BraTS20_Training_139,3,3,3,3,3,0.758173967350206,0.5908480493106157,0.047519514389212036,0.012292974412984268,0.2679491924311228,0.0348786680655259,True,1.4142135623730951,0.048247623800558,True,0.5923591472464005,0.0594322513015522,True,True
BraTS20_Training_112,3,3,3,3,3,0.7593056225097894,0.597716981445369,0.047385845541668636,0.0458206838022989,0.4142135623730951,0.0166747319567209,True,0.4142135623730951,0.0254297997031969,True,1.449489742783178,0.1000530049650881,True,True
BraTS20_Training_018,3,3,2,2,3,3.751173230415174,5.911821443836538,0.15449149141188753,0.12380855008932526,1.1267975085199389,0.0694689044650299,True,-0.3941220131965508,0.0974692384958252,True,10.520844195922134,0.2965363312748075,True,False
BraTS20_Training_206,3,3,2,2,3,-2.743414171693329,6.575211765628935,0.1389396597204858,0.09400448813869423,-10.326033496594432,0.045076112508425,True,0.7142446356820114,0.1386584089709972,True,1.3815463458324349,0.2330844576820352,True,False
BraTS20_Training_260,3,3,2,2,2,1.6711629613872219,3.3443601923643103,0.08842494993568173,0.36781732923469584,5.476142988503774,0.4900435640615109,True,-0.8025891121786639,-0.2320357435633327,True,0.339935007836555,0.007267029308867,True,False
BraTS20_Training_267,3,3,2,2,3,5.248346988155181,9.080159266339622,0.08096613536875509,0.06545298066529183,0.1316395247431181,0.047610565093588,True,-0.118813197386725,0.0389102238179396,True,15.732214637109152,0.1563776171947377,True,False
BraTS20_Training_155,3,3,2,2,3,0.43927908173192737,0.5109413760363843,0.045039691661406596,0.041905982346783076,0.0,0.0220958219425913,True,0.317837245195782,0.0196158884445348,True,1.0,0.0934073645970937,True,False
BraTS20_Training_223,3,3,2,2,3,0.6666666666666666,0.8224834854518072,0.042838550356094164,0.04425737785952364,0.4142135623730951,0.0228879733633374,True,0.0,0.0120683316983983,True,1.5857864376269049,0.0935593460065468,True,False
BraTS20_Training_030,3,3,2,3,2,10.142147959215158,2.488100959711393,0.04001050943231833,0.10358902623816689,11.50734842702952,-0.0655630666923674,True,11.648798087355758,0.0441007742598807,True,7.270297363260196,0.1414938207294417,True,False
BraTS20_Training_337,3,3,2,2,3,0.4093445458793215,0.3848984102664559,0.032919957948264134,0.02751922354583056,0.7639320225002102,0.0295386269993778,True,0.0,0.0072476445036281,True,0.4641016151377544,0.0619736023417865,True,False
BraTS20_Training_339,3,3,2,2,2,0.9254962615813039,1.4410116057145876,0.02946838452190013,0.04641594858111368,0.0,-0.0048480143742991,True,0.1907023471170066,0.010972287485813,True,2.585786437626905,0.0822808804541865,True,False
BraTS20_Training_200,3,3,2,2,2,0.2867694465591744,0.29662769814315054,0.02158071842929,0.046097588131702304,0.2679491924311228,0.0039791328180882,True,0.0,-0.0131228077408006,True,0.5923591472464005,0.0738858302105824,True,False
BraTS20_Training_174,3,3,2,2,2,0.15737865166652654,0.13629391035655417,0.010839596357442733,0.021136028474939502,0.0,-0.0049367186173575,True,0.2360679774997898,0.0026012968856911,True,0.2360679774997898,0.0348542108039946,True,False
BraTS20_Training_089,3,3,2,2,3,0.24422539193023832,0.5139891140476227,0.006022069652455033,0.007960630301250864,0.0713001490717957,0.0151142573600305,True,-0.1610003581180663,0.0003051953705538,True,0.8223763848369856,0.0026467562267808,True,False
BraTS20_Training_058,3,3,2,3,2,5.405006336922093,0.644370975659097,0.0030134056831874353,0.034736830731397016,5.24323239448597,-0.0348447594851284,True,4.856937150738574,0.0104656896358403,True,6.114849465541735,0.0334192868988504,True,False
BraTS20_Training_261,3,3,1,1,2,2.389015671365718,5.057233786594291,0.12144185041980914,0.19954008724418726,-1.0311342986557186,-0.0555295944415937,True,0.0,0.0821501210244217,True,8.198181312752872,0.3377050246765994,True,False
BraTS20_Training_231,3,3,1,2,2,0.9922734526508771,3.1815775725424307,0.08855080483359352,0.10279835250044259,0.1361061113099522,0.1962767490315441,True,-1.6736158828344827,0.0778600690306486,True,4.514330129477162,-0.0084844035614121,True,False
BraTS20_Training_248,3,3,1,1,3,0.1680057233103042,0.29099444873580577,0.049419898551563236,0.058684574856554046,0.0,0.001028443061308,True,0.0,0.0325354656014662,True,0.5040171699309126,0.1146957869919155,True,False
BraTS20_Training_093,3,3,1,1,2,0.47140452079103173,0.816496580927726,0.04391209076224247,0.06002092057587228,0.0,-0.005798276872066,True,0.0,0.0269441898172514,True,1.4142135623730951,0.110590359341542,True,False
BraTS20_Training_131,3,3,1,1,3,0.22470947164746402,1.0388162391977127,0.03994712984017353,0.016804557789924124,-0.5040171699309126,0.0252548624882292,True,-0.2360679774997898,0.0363161909301079,True,1.4142135623730945,0.0582703361021835,True,False
BraTS20_Training_309,3,3,1,2,2,2.716423816795881,14.089108111280396,0.03573422271925574,0.06596072853685314,17.627505118940647,0.0523332634089835,True,-10.373627298546545,0.091809942919558,True,0.8953936299935403,-0.0369405381707743,True,False
BraTS20_Training_360,3,3,1,1,2,-4.956673516340023,9.484369912832388,0.0138713795220012,0.020274250501516964,1.7639320225002102,0.0131537424177997,True,-0.8284271247461903,-0.0060345245032803,True,-15.805525446774087,0.0344949206514842,True,False
BraTS20_Training_340,3,3,1,1,2,0.13807118745769836,0.23914631173810028,0.012484159394367568,0.017691088490817047,0.0,0.0055416536189075,True,0.0,-0.0006826712060388,True,0.4142135623730951,0.032593495770234,True,False
BraTS20_Training_035,3,3,1,2,1,0.9672165068241491,0.9444111985035323,0.0117393427742896,0.055430164726754605,1.8870376481178708,-0.0367897103071253,True,0.0,-0.0001375393031111,True,1.0146118723545765,0.0721452779331052,True,False
BraTS20_Training_323,3,3,1,1,3,-0.06328471870956065,2.6519174268446037,0.0028965280220706,0.003546168780225409,-0.1447607012546186,0.001357312521208,True,2.6284318252871017,0.0003800401029765,True,-2.673525280161165,0.0069522314420273,True,False
BraTS20_Training_021,3,3,1,1,1,0.33663215409153,2.4544180552978463,-0.003154063284011077,0.1503203773888218,-0.913230262027751,-0.0991351276807163,True,-1.241287278666635,-0.0804110552778534,True,3.164414002968976,0.1700839931065365,True,False
BraTS20_Training_205,3,3,1,2,1,0.13807118745769836,0.47829262347620055,-0.013024819641435467,0.04386240441329673,0.4142135623730951,0.0247078043818957,True,-0.4142135623730951,-0.0611502726888704,True,0.4142135623730951,-0.0026319906173317,True,False
BraTS20_Training_193,3,2,1,2,1,24.24819886024244,31.566586020590535,0.1113126079447323,0.15741979981855955,46.56914589431048,0.2226252158894646,True,47.77723320987235,0.0077488094277181,False,1.9272518261743985,0.0,True,False
BraTS20_Training_216,3,3,0,0,0,-0.5620360294398663,0.6992810893424767,-0.0397313149069109,0.02783901754833509,-0.1543471301870203,-0.031637454465769,True,-0.1622776601683795,-0.0168361226159573,True,-1.369483297964199,-0.0707203676390064,True,False
