lesion_voxels,lesion_count,cumulative_count,cumulative_fraction,stratum
10,17,17,0.030141843971631204,small
11,17,34,0.06028368794326241,small
12,13,47,0.08333333333333333,small
13,8,55,0.0975177304964539,small
14,11,66,0.11702127659574468,small
15,7,73,0.12943262411347517,small
16,6,79,0.1400709219858156,small
17,5,84,0.14893617021276595,small
18,10,94,0.16666666666666666,small
19,3,97,0.17198581560283688,small
20,11,108,0.19148936170212766,small
21,4,112,0.19858156028368795,small
22,5,117,0.2074468085106383,small
23,6,123,0.21808510638297873,small
24,6,129,0.22872340425531915,small
25,4,133,0.23581560283687944,small
26,3,136,0.24113475177304963,small
27,12,148,0.2624113475177305,small
28,3,151,0.26773049645390073,small
29,8,159,0.28191489361702127,small
30,4,163,0.28900709219858156,small
31,2,165,0.2925531914893617,small
32,2,167,0.29609929078014185,small
33,2,169,0.299645390070922,small
34,1,170,0.30141843971631205,small
35,1,171,0.30319148936170215,small
36,2,173,0.3067375886524823,small
37,3,176,0.3120567375886525,small
39,2,178,0.31560283687943264,small
40,3,181,0.32092198581560283,small
41,2,183,0.324468085106383,small
42,1,184,0.3262411347517731,small
43,2,186,0.32978723404255317,small
44,2,188,0.3333333333333333,small
45,1,189,0.3351063829787234,medium
46,3,192,0.3404255319148936,medium
47,2,194,0.34397163120567376,medium
48,3,197,0.34929078014184395,medium
51,1,198,0.35106382978723405,medium
52,1,199,0.3528368794326241,medium
53,1,200,0.3546099290780142,medium
55,1,201,0.35638297872340424,medium
57,2,203,0.3599290780141844,medium
58,2,205,0.36347517730496454,medium
61,2,207,0.3670212765957447,medium
62,2,209,0.37056737588652483,medium
63,1,210,0.3723404255319149,medium
64,2,212,0.375886524822695,medium
66,1,213,0.3776595744680851,medium
67,2,215,0.38120567375886527,medium
70,1,216,0.3829787234042553,medium
73,1,217,0.38475177304964536,medium
74,4,221,0.39184397163120566,medium
75,1,222,0.39361702127659576,medium
76,1,223,0.3953900709219858,medium
78,1,224,0.3971631205673759,medium
79,1,225,0.39893617021276595,medium
81,3,228,0.40425531914893614,medium
87,1,229,0.40602836879432624,medium
88,1,230,0.4078014184397163,medium
90,1,231,0.4095744680851064,medium
91,3,234,0.4148936170212766,medium
94,2,236,0.41843971631205673,medium
100,1,237,0.42021276595744683,medium
102,1,238,0.4219858156028369,medium
103,1,239,0.4237588652482269,medium
104,2,241,0.42730496453900707,medium
106,2,243,0.4308510638297872,medium
108,2,245,0.43439716312056736,medium
109,1,246,0.43617021276595747,medium
113,1,247,0.4379432624113475,medium
114,1,248,0.4397163120567376,medium
115,1,249,0.44148936170212766,medium
119,2,251,0.4450354609929078,medium
122,1,252,0.44680851063829785,medium
124,1,253,0.44858156028368795,medium
129,1,254,0.450354609929078,medium
130,1,255,0.4521276595744681,medium
132,1,256,0.45390070921985815,medium
137,1,257,0.45567375886524825,medium
144,2,259,0.4592198581560284,medium
146,2,261,0.4627659574468085,medium
154,1,262,0.4645390070921986,medium
156,2,264,0.46808510638297873,medium
158,1,265,0.4698581560283688,medium
164,1,266,0.4716312056737589,medium
165,1,267,0.4734042553191489,medium
170,1,268,0.475177304964539,medium
174,1,269,0.4769503546099291,medium
176,1,270,0.4787234042553192,medium
181,1,271,0.4804964539007092,medium
189,1,272,0.48226950354609927,medium
200,1,273,0.48404255319148937,medium
204,1,274,0.4858156028368794,medium
215,1,275,0.4875886524822695,medium
217,1,276,0.48936170212765956,medium
229,1,277,0.49113475177304966,medium
232,2,279,0.4946808510638298,medium
239,1,280,0.49645390070921985,medium
241,2,282,0.5,medium
242,1,283,0.50177304964539,medium
248,1,284,0.5035460992907801,medium
254,1,285,0.5053191489361702,medium
271,1,286,0.5070921985815603,medium
275,1,287,0.5088652482269503,medium
276,1,288,0.5106382978723404,medium
279,1,289,0.5124113475177305,medium
287,1,290,0.5141843971631206,medium
305,1,291,0.5159574468085106,medium
318,1,292,0.5177304964539007,medium
319,1,293,0.5195035460992907,medium
353,1,294,0.5212765957446809,medium
354,1,295,0.5230496453900709,medium
363,1,296,0.524822695035461,medium
367,1,297,0.526595744680851,medium
369,1,298,0.5283687943262412,medium
370,1,299,0.5301418439716312,medium
380,1,300,0.5319148936170213,medium
397,1,301,0.5336879432624113,medium
402,2,303,0.5372340425531915,medium
406,1,304,0.5390070921985816,medium
414,1,305,0.5407801418439716,medium
424,1,306,0.5425531914893617,medium
444,1,307,0.5443262411347518,medium
458,1,308,0.5460992907801419,medium
485,1,309,0.5478723404255319,medium
495,1,310,0.549645390070922,medium
499,1,311,0.5514184397163121,medium
505,1,312,0.5531914893617021,medium
540,1,313,0.5549645390070922,medium
543,1,314,0.5567375886524822,medium
544,1,315,0.5585106382978723,medium
561,1,316,0.5602836879432624,medium
593,1,317,0.5620567375886525,medium
618,1,318,0.5638297872340425,medium
645,1,319,0.5656028368794326,medium
658,1,320,0.5673758865248227,medium
670,1,321,0.5691489361702128,medium
674,1,322,0.5709219858156028,medium
688,1,323,0.5726950354609929,medium
690,1,324,0.574468085106383,medium
715,1,325,0.5762411347517731,medium
778,1,326,0.5780141843971631,medium
873,1,327,0.5797872340425532,medium
882,1,328,0.5815602836879432,medium
894,1,329,0.5833333333333334,medium
946,1,330,0.5851063829787234,medium
1035,1,331,0.5868794326241135,medium
1036,1,332,0.5886524822695035,medium
1037,1,333,0.5904255319148937,medium
1076,1,334,0.5921985815602837,medium
1172,1,335,0.5939716312056738,medium
1192,1,336,0.5957446808510638,medium
1247,1,337,0.5975177304964538,medium
1252,1,338,0.599290780141844,medium
1263,1,339,0.601063829787234,medium
1287,1,340,0.6028368794326241,medium
1346,1,341,0.6046099290780141,medium
1369,1,342,0.6063829787234043,medium
1646,1,343,0.6081560283687943,medium
1710,1,344,0.6099290780141844,medium
1711,1,345,0.6117021276595744,medium
1933,1,346,0.6134751773049646,medium
2013,1,347,0.6152482269503546,medium
2051,1,348,0.6170212765957447,medium
2066,1,349,0.6187943262411347,medium
2170,1,350,0.6205673758865248,medium
2184,1,351,0.6223404255319149,medium
2275,1,352,0.624113475177305,medium
2283,1,353,0.625886524822695,medium
2385,1,354,0.6276595744680851,medium
2514,1,355,0.6294326241134752,medium
2553,1,356,0.6312056737588653,medium
2642,1,357,0.6329787234042553,medium
2665,1,358,0.6347517730496454,medium
2755,1,359,0.6365248226950354,medium
2807,1,360,0.6382978723404256,medium
2998,1,361,0.6400709219858156,medium
3321,1,362,0.6418439716312057,medium
3385,1,363,0.6436170212765957,medium
3482,1,364,0.6453900709219859,medium
3549,1,365,0.6471631205673759,medium
3604,1,366,0.648936170212766,medium
3686,1,367,0.650709219858156,medium
3794,1,368,0.6524822695035462,medium
3842,1,369,0.6542553191489362,medium
4180,1,370,0.6560283687943262,medium
4320,1,371,0.6578014184397163,medium
4362,1,372,0.6595744680851063,medium
4462,1,373,0.6613475177304965,medium
4517,1,374,0.6631205673758865,medium
4594,1,375,0.6648936170212766,medium
4678,1,376,0.6666666666666666,medium
4998,1,377,0.6684397163120568,large
5085,1,378,0.6702127659574468,large
5161,1,379,0.6719858156028369,large
5475,1,380,0.6737588652482269,large
5625,1,381,0.675531914893617,large
5701,1,382,0.6773049645390071,large
5843,1,383,0.6790780141843972,large
5932,1,384,0.6808510638297872,large
6030,1,385,0.6826241134751773,large
6046,1,386,0.6843971631205674,large
6450,1,387,0.6861702127659575,large
6525,1,388,0.6879432624113475,large
6642,1,389,0.6897163120567376,large
6658,1,390,0.6914893617021277,large
6674,1,391,0.6932624113475178,large
7100,1,392,0.6950354609929078,large
7126,1,393,0.6968085106382979,large
7167,1,394,0.6985815602836879,large
7185,1,395,0.700354609929078,large
7220,1,396,0.7021276595744681,large
7433,1,397,0.7039007092198581,large
7513,1,398,0.7056737588652482,large
8078,1,399,0.7074468085106383,large
8198,1,400,0.7092198581560284,large
8221,1,401,0.7109929078014184,large
8277,1,402,0.7127659574468085,large
8348,1,403,0.7145390070921985,large
8391,1,404,0.7163120567375887,large
8812,1,405,0.7180851063829787,large
8857,1,406,0.7198581560283688,large
8869,1,407,0.7216312056737588,large
8968,1,408,0.723404255319149,large
8972,2,410,0.7269503546099291,large
8988,1,411,0.7287234042553191,large
8994,1,412,0.7304964539007093,large
9134,1,413,0.7322695035460993,large
9460,1,414,0.7340425531914894,large
9541,1,415,0.7358156028368794,large
9783,1,416,0.7375886524822695,large
9803,1,417,0.7393617021276596,large
9881,1,418,0.7411347517730497,large
9914,1,419,0.7429078014184397,large
9936,1,420,0.7446808510638298,large
10752,1,421,0.7464539007092199,large
10779,1,422,0.74822695035461,large
10845,1,423,0.75,large
10910,1,424,0.75177304964539,large
10930,1,425,0.7535460992907801,large
10937,1,426,0.7553191489361702,large
10960,1,427,0.7570921985815603,large
11757,1,428,0.7588652482269503,large
11967,1,429,0.7606382978723404,large
12114,1,430,0.7624113475177305,large
12824,1,431,0.7641843971631206,large
12974,1,432,0.7659574468085106,large
13097,1,433,0.7677304964539007,large
13223,1,434,0.7695035460992907,large
13314,1,435,0.7712765957446809,large
14154,1,436,0.7730496453900709,large
14156,1,437,0.774822695035461,large
14609,1,438,0.776595744680851,large
15137,1,439,0.7783687943262412,large
15207,1,440,0.7801418439716312,large
15491,1,441,0.7819148936170213,large
15508,1,442,0.7836879432624113,large
15625,1,443,0.7854609929078015,large
15878,1,444,0.7872340425531915,large
15998,1,445,0.7890070921985816,large
16000,1,446,0.7907801418439716,large
16220,1,447,0.7925531914893617,large
16862,1,448,0.7943262411347518,large
17168,1,449,0.7960992907801419,large
17200,1,450,0.7978723404255319,large
17494,1,451,0.799645390070922,large
17626,1,452,0.8014184397163121,large
17941,1,453,0.8031914893617021,large
18208,1,454,0.8049645390070922,large
18278,2,456,0.8085106382978723,large
18377,1,457,0.8102836879432624,large
19332,1,458,0.8120567375886525,large
19484,1,459,0.8138297872340425,large
19610,1,460,0.8156028368794326,large
19995,1,461,0.8173758865248227,large
20127,1,462,0.8191489361702128,large
20159,1,463,0.8209219858156028,large
20208,1,464,0.8226950354609929,large
20431,1,465,0.824468085106383,large
20624,1,466,0.8262411347517731,large
20898,1,467,0.8280141843971631,large
20900,1,468,0.8297872340425532,large
21101,1,469,0.8315602836879432,large
21145,1,470,0.8333333333333334,large
21671,1,471,0.8351063829787234,large
21676,1,472,0.8368794326241135,large
21843,1,473,0.8386524822695035,large
22487,1,474,0.8404255319148937,large
23180,1,475,0.8421985815602837,large
23525,1,476,0.8439716312056738,large
23840,1,477,0.8457446808510638,large
24006,1,478,0.8475177304964538,large
24209,1,479,0.849290780141844,large
24895,1,480,0.851063829787234,large
25085,1,481,0.8528368794326241,large
25238,1,482,0.8546099290780141,large
25439,1,483,0.8563829787234043,large
25922,1,484,0.8581560283687943,large
26232,1,485,0.8599290780141844,large
26239,1,486,0.8617021276595744,large
26393,1,487,0.8634751773049646,large
26852,1,488,0.8652482269503546,large
26928,1,489,0.8670212765957447,large
27264,1,490,0.8687943262411347,large
27471,1,491,0.8705673758865248,large
27541,1,492,0.8723404255319149,large
27740,1,493,0.874113475177305,large
28143,1,494,0.875886524822695,large
28158,1,495,0.8776595744680851,large
28193,1,496,0.8794326241134752,large
28596,1,497,0.8812056737588653,large
29029,1,498,0.8829787234042553,large
30137,1,499,0.8847517730496454,large
30331,1,500,0.8865248226950354,large
30502,1,501,0.8882978723404256,large
30993,1,502,0.8900709219858156,large
31036,1,503,0.8918439716312057,large
31423,1,504,0.8936170212765957,large
31479,1,505,0.8953900709219859,large
31530,1,506,0.8971631205673759,large
31532,1,507,0.898936170212766,large
32176,1,508,0.900709219858156,large
32343,1,509,0.9024822695035462,large
32721,1,510,0.9042553191489362,large
33162,1,511,0.9060283687943262,large
34537,1,512,0.9078014184397163,large
35009,1,513,0.9095744680851063,large
35303,1,514,0.9113475177304965,large
35353,1,515,0.9131205673758865,large
35699,1,516,0.9148936170212766,large
35908,1,517,0.9166666666666666,large
36237,1,518,0.9184397163120568,large
36467,1,519,0.9202127659574468,large
36563,1,520,0.9219858156028369,large
37188,1,521,0.9237588652482269,large
37491,1,522,0.925531914893617,large
37591,1,523,0.9273049645390071,large
38056,1,524,0.9290780141843972,large
38724,1,525,0.9308510638297872,large
38971,1,526,0.9326241134751773,large
38972,1,527,0.9343971631205674,large
39461,1,528,0.9361702127659575,large
40102,1,529,0.9379432624113475,large
42132,1,530,0.9397163120567376,large
42341,1,531,0.9414893617021277,large
42708,1,532,0.9432624113475178,large
42840,1,533,0.9450354609929078,large
44823,1,534,0.9468085106382979,large
46342,1,535,0.9485815602836879,large
46541,1,536,0.950354609929078,large
46584,1,537,0.9521276595744681,large
46894,1,538,0.9539007092198581,large
47114,1,539,0.9556737588652482,large
47122,1,540,0.9574468085106383,large
47352,1,541,0.9592198581560284,large
49738,1,542,0.9609929078014184,large
50077,1,543,0.9627659574468085,large
50410,1,544,0.9645390070921985,large
50835,1,545,0.9663120567375887,large
52126,1,546,0.9680851063829787,large
54056,1,547,0.9698581560283688,large
54612,1,548,0.9716312056737588,large
57620,1,549,0.973404255319149,large
58404,1,550,0.975177304964539,large
58541,1,551,0.9769503546099291,large
60223,1,552,0.9787234042553191,large
60985,1,553,0.9804964539007093,large
61078,1,554,0.9822695035460993,large
62440,1,555,0.9840425531914894,large
63708,1,556,0.9858156028368794,large
66770,1,557,0.9875886524822695,large
68563,1,558,0.9893617021276596,large
68990,1,559,0.9911347517730497,large
78174,1,560,0.9929078014184397,large
79556,1,561,0.9946808510638298,large
84298,1,562,0.9964539007092199,large
87058,1,563,0.99822695035461,large
104056,1,564,1.0,large
