train_loss,valid_loss,train_dice,valid_dice,train_jaccard,valid_jaccard,train_time,valid_time
0.5412277148507448,0.3781509568562379,0.55463463,0.6679967,0.4192032,0.5164395,131.72,27.79
0.3515963766593413,0.3261812725985372,0.7028274,0.71538293,0.5549801,0.5748492,132.18,27.12
0.2859272585768644,0.278763587511069,0.76385874,0.7578606,0.63601977,0.6305175,129.08,26.46
0.2697405713367555,0.3525028740232055,0.7771943,0.69061285,0.65219104,0.5512515,130.17,27.1
0.2729934684729297,0.349703130085726,0.7729218,0.69345146,0.6497099,0.5673255,132.38,27.66
0.2706314104424376,0.3163517190999276,0.77558017,0.72147274,0.6544461,0.59845275,132.68,26.83
0.2314182494401004,0.2337864925329749,0.808219,0.8001417,0.693565,0.68022174,123.53,25.8
0.2148660845793638,0.2254470560599017,0.82186204,0.80757886,0.70941937,0.68903464,122.93,26.01
0.2106004242535231,0.2206627433565822,0.82535464,0.8117985,0.71385044,0.6943422,130.24,26.59
0.2073931271348018,0.2170918773154954,0.82806003,0.81491184,0.7172752,0.6983617,128.63,25.9
0.2043859419713688,0.2143827116972691,0.83060646,0.8171332,0.72049886,0.7013754,121.66,25.2
0.2014415607957988,0.2123196390835014,0.8331919,0.8188296,0.7238524,0.7038088,121.39,25.18
0.1984387892461472,0.2106334292203993,0.83577484,0.82021123,0.727286,0.7059422,122.88,25.23
0.195322185261936,0.2088467023662618,0.83838344,0.82180727,0.7308257,0.7084255,124.55,25.71
0.1921163873913687,0.2071451692766434,0.8410287,0.82340395,0.7344418,0.71097326,129.83,26.66
0.1888066363241886,0.2045588694714211,0.8437651,0.8254804,0.7382292,0.71397376,129.29,26.95
0.1859651302723105,0.2053413417290996,0.8460088,0.824366,0.7413639,0.7131721,130.66,27.14
0.1834555472961195,0.2016179204188488,0.84782094,0.82734966,0.7440073,0.7167387,131.39,25.91
0.1809614607738149,0.2026552298181765,0.84996706,0.8262086,0.7467633,0.7159508,121.58,25.24
0.1755337062860741,0.2011405514502847,0.8546494,0.8274151,0.7526782,0.7175332,121.69,25.15
0.1726099870200287,0.2003407712925125,0.85695696,0.8281124,0.7560663,0.71899873,130.6,26.96
0.1685846994707092,0.1989161204043272,0.86045426,0.82869595,0.7609966,0.72039986,130.2,24.42
0.1672349850781233,0.1971526826555664,0.8615191,0.8306163,0.7626968,0.72276247,116.94,21.37
0.1635629921165885,0.1960116937957905,0.8647347,0.8309409,0.7671979,0.7242567,116.15,21.47
0.163166662482436,0.1927204451246841,0.86489457,0.8342676,0.7676526,0.72782576,112.88,21.86
0.1589786106075526,0.1951272901449654,0.86849064,0.83098567,0.7727615,0.7261495,112.42,22.36
0.1584947675698462,0.1925923807194104,0.8686022,0.83448064,0.77304053,0.7286576,117.47,24.98
0.1540475964749137,0.1934606646363799,0.87260866,0.8323238,0.77867985,0.7282223,117.92,24.62
0.1534826504175301,0.1921131198067923,0.8726296,0.83393914,0.77912927,0.730067,121.45,24.61
0.1506212427632354,0.1914608292281627,0.87522715,0.8345678,0.78273576,0.7298484,121.19,25.06
0.1506165561885917,0.1946060720428421,0.8751502,0.8313719,0.7828893,0.7286268,127.49,26.1
0.1479889831074481,0.1901718161597445,0.8773136,0.83573586,0.78593785,0.7321937,127.15,25.22
0.1455323406230614,0.1896702146308647,0.8795094,0.8354083,0.7891221,0.73451966,123.36,24.77
0.1443890089944642,0.1906761805451399,0.8804826,0.83450896,0.7907017,0.7334634,123.58,25.4
0.1440533854589156,0.1837405595122962,0.8806862,0.84134364,0.79094607,0.7392572,127.08,26.03
0.1462498301574924,0.1922712741872748,0.8785944,0.83347446,0.7882301,0.7323793,126.99,24.17
0.1448875551441764,0.1896950530542715,0.8798439,0.8352265,0.7901025,0.733189,120.71,24.83
0.141247279217271,0.1894750867945117,0.88281393,0.8354244,0.7943704,0.73538905,121.87,26.69
0.1371106559316471,0.1880681461377723,0.8860652,0.83671016,0.7994547,0.7369438,127.99,26.61
0.1361074202516431,0.1877591182553284,0.88702893,0.8369781,0.8007717,0.7373914,127.71,24.3
0.135556406548051,0.1875180705274279,0.8875532,0.8371923,0.8015186,0.7376896,120.33,24.85
0.134474281163647,0.187344615423196,0.88854116,0.83730674,0.80297494,0.7378516,120.44,24.72
0.1343811871012825,0.1872623971084485,0.8885961,0.83734787,0.80306715,0.7379139,120.13,24.81
0.1343286189210785,0.1872519932284548,0.88863146,0.83734083,0.8031248,0.7378984,121.1,26.18
0.1342127198056256,0.1872571798393855,0.88871384,0.83733153,0.80324996,0.737884,126.8,26.07
0.1342076792124412,0.187262031023164,0.88871896,0.83732784,0.8032576,0.737878,127.86,26.83
0.1342025827833882,0.1872670970655776,0.8887235,0.8373239,0.80326414,0.7378709,129.16,26.69
0.1341905298602952,0.18726692273206,0.8887327,0.83732206,0.80327755,0.7378683,128.69,21.45
0.1341902190812135,0.1872666083477638,0.88873386,0.8373233,0.8032795,0.73787093,116.69,21.22
0.2334798652432308,0.26307608026105,0.8087854385375977,0.7719652652740479,0.6920385956764221,0.653494656085968,166.69,28.18
0.2162518755529177,0.25330854942267,0.820360004901886,0.7799099087715149,0.71060711145401,0.6629303097724915,151.25,30.07
0.2090103800194736,0.2830927129331472,0.8274745941162109,0.7549257874488831,0.719444990158081,0.6365101337432861,159.5,30.09
0.2171043915681338,0.2568543898696835,0.8197377920150757,0.7790239453315735,0.7086833715438843,0.6610943675041199,160.11,29.1
0.1962100138981982,0.2234802470114585,0.8373184204101562,0.8055874705314636,0.7312892079353333,0.6948087811470032,162.45,30.03
0.1762828267096081,0.2169502109188485,0.8534756898880005,0.8108888864517212,0.7524023056030273,0.7033752799034119,161.68,30.38
0.1879722979282126,0.2075309919042361,0.8443098664283752,0.8193569779396057,0.742696225643158,0.7140036821365356,152.97,29.12
0.1976447101059127,0.22530763072742,0.8348748683929443,0.8036803603172302,0.7296772003173828,0.6859115362167358,154.04,29.03
0.1795499360312051,0.2153253746596542,0.8498791456222534,0.8129259347915649,0.7503950595855713,0.7078630924224854,146.8,25.75
0.1796135298965738,0.1999811273873658,0.8507083654403687,0.8258564472198486,0.7507188320159912,0.7203297019004822,156.05,28.68
0.1584965229933132,0.1994975777594624,0.867868959903717,0.8258588910102844,0.7732978463172913,0.7216549515724182,149.81,27.99
0.1520225463094414,0.2053884374028122,0.8733101487159729,0.820762574672699,0.7813870310783386,0.7152999043464661,150.03,28.15
0.1535620820429538,0.1961281423935213,0.8721914291381836,0.8291893601417542,0.7792524695396423,0.7260208129882812,161.68,28.91
0.1488059415311665,0.2065814684673741,0.8764496445655823,0.8203081488609314,0.7857134938240051,0.7155284881591797,147.85,27.1
0.1448460920253616,0.1893522535022851,0.8797777891159058,0.8343793749809265,0.7902063727378845,0.733924150466919,146.22,26.82
0.1433788501306034,0.2087780764779529,0.8807554244995117,0.8171045184135437,0.7920374274253845,0.710868775844574,142.87,25.75
0.1417034535672414,0.2098733806932294,0.8825019598007202,0.8175539970397949,0.7942915558815002,0.7122339010238647,147.42,27.07
0.1369181999697527,0.2001043578257431,0.8866617679595947,0.8247451782226562,0.8001505732536316,0.722786545753479,147.71,27.76
0.1309831821819919,0.1770575005259062,0.8911907076835632,0.8462530374526978,0.8074660897254944,0.7495748400688171,152.01,27.27
0.1249739721359445,0.1761782414002998,0.8965564966201782,0.8469175100326538,0.8157472014427185,0.7507610321044922,149.22,26.77
0.1233141098156977,0.1758868262373112,0.8980062007904053,0.8471815586090088,0.8179986476898193,0.7512555718421936,150.19,26.01
0.1221048112103447,0.1756246693029597,0.8990594148635864,0.8474137187004089,0.8196483850479126,0.7516704201698303,149.54,26.84
0.1210943523663955,0.1753737527776409,0.8999192118644714,0.8476651906967163,0.8210098147392273,0.7520925402641296,146.03,27.34
0.1202033785849461,0.1750918533149603,0.9006718397140503,0.8478782773017883,0.8222033977508545,0.7524423003196716,162.08,27.6
0.1194014666812197,0.1748098345926484,0.9013366103172302,0.8481143116950989,0.8232579231262207,0.7528217434883118,157.74,27.42
0.1186437858449809,0.1744672991335392,0.9019767045974731,0.8484086990356445,0.824276328086853,0.753276526927948,145.34,27.36
0.1179152429248804,0.1741242936334094,0.902598202228546,0.8486909866333008,0.8252658247947693,0.7537091970443726,149.55,27.51
0.1172114500797676,0.1738164691707572,0.903190851211548,0.8489181995391846,0.8262122869491577,0.7540510296821594,148.2,26.88
0.1165151457059476,0.1735417195973364,0.9037814140319824,0.84916090965271,0.8271515965461731,0.7544065713882446,146.88,26.77
0.1158143042474405,0.1733505857252591,0.9043641090393066,0.8493329286575317,0.8280778527259827,0.7546403408050537,148.32,27.4
0.1151109892396611,0.1731934535342293,0.904946506023407,0.8494663238525391,0.8290045261383057,0.7548176050186157,147.14,27.0
0.1143903160605449,0.1730822512024157,0.9055393934249878,0.8495668768882751,0.8299474120140076,0.7549533843994141,146.33,27.1
0.1136624731181428,0.1729936495524,0.9061453938484192,0.8496239185333252,0.8309114575386047,0.7550203800201416,145.05,27.3
0.1129132202801073,0.1729340139977835,0.9067724943161012,0.849683940410614,0.8319066166877747,0.7550976276397705,144.22,26.92
0.1121505218257236,0.1729870330340959,0.9073925018310548,0.8496239185333252,0.8328876495361328,0.7550112009048462,150.76,27.25
0.1113422125114077,0.1730800254924877,0.908084750175476,0.8495385646820068,0.8339767456054688,0.7549087405204773,148.88,26.03
0.1104553316063918,0.1731490704256135,0.9088283181190492,0.8495534062385559,0.8351559042930603,0.7549333572387695,148.65,25.58
0.1087246730140906,0.1731038541608565,0.910111963748932,0.8495199084281921,0.8372550010681152,0.7550450563430786,149.68,25.78
0.1082418710283268,0.1731192835581463,0.9105752110481262,0.8495023250579834,0.8379953503608704,0.7550208568572998,152.63,26.33
0.1080380058648057,0.1730709247089721,0.910761058330536,0.8495391607284546,0.8382951021194458,0.7550622224807739,147.96,27.11
0.1076083544801181,0.1730687338355425,0.9111499190330504,0.8495380878448486,0.8389310836791992,0.7550680041313171,143.81,27.49
0.1075852975423234,0.1730687928360861,0.91116601228714,0.8495357036590576,0.8389584422111511,0.7550723552703857,147.23,27.51
0.1075643561200641,0.1730708850396646,0.9111868739128112,0.8495281338691711,0.8389935493469238,0.7550670504570007,148.51,27.82
0.1075206995590187,0.1730713745629465,0.9112241864204408,0.849528968334198,0.839055061340332,0.7550678253173828,149.01,27.3
0.1075189830409181,0.1730726211256272,0.9112262725830078,0.8495267629623413,0.8390583395957947,0.755065381526947,148.7,27.94
0.1075173439566727,0.1730724363713651,0.9112266898155212,0.849528968334198,0.8390592336654663,0.755068838596344,150.7,27.35
0.1075129437220467,0.1730725119846898,0.9112309217453004,0.8495302200317383,0.8390660881996155,0.7550700306892395,143.25,26.76
0.1075127091012344,0.1730722139614659,0.911230742931366,0.8495306968688965,0.8390659689903259,0.7550710439682007,148.19,27.1
0.1075125498704409,0.173072304022876,0.9112310409545898,0.8495286703109741,0.8390663266181946,0.7550680637359619,147.02,27.33
0.1075124154700843,0.1730723019588638,0.9112313985824584,0.8495292663574219,0.8390669226646423,0.7550687789916992,146.91,27.52
0.1075123604459521,0.1730721631666293,0.9112309813499452,0.8495288491249084,0.8390663266181946,0.7550681233406067,147.56,27.2
0.1075121220563636,0.173072444375705,0.9112316370010376,0.8495280742645264,0.839067280292511,0.7550672292709351,146.9,24.73
0.1075119971504239,0.1730721545078464,0.9112311601638794,0.8495283126831055,0.839066743850708,0.7550672888755798,149.55,26.83
0.1075118616774156,0.1730720932922653,0.9112309813499452,0.8495294451713562,0.8390663266181946,0.7550691366195679,148.99,27.12
0.1075118026380873,0.1730718568370149,0.9112315773963928,0.8495285511016846,0.8390671610832214,0.7550676465034485,149.28,28.4
0.1075115947320999,0.173072028955495,0.911231815814972,0.849530041217804,0.8390676379203796,0.7550696730613708,145.14,25.88
0.1075114744501587,0.1730723225989857,0.9112318754196168,0.849528431892395,0.839067816734314,0.7550675868988037,148.36,27.64
0.1075113651266589,0.1730717893790554,0.9112319946289062,0.8495305776596069,0.8390681147575378,0.7550702691078186,146.78,27.56
0.1075111702809306,0.1730724889281633,0.9112326502799988,0.8495287299156189,0.8390691876411438,0.7550678849220276,144.03,26.62
0.1474579692553685,0.1849138071206776,0.8777582049369812,0.8396318554878235,0.7874494194984436,0.7394708395004272,165.37,30.73
0.1520106695041582,0.2045057833295416,0.8739429116249084,0.8228887319564819,0.7828716039657593,0.7203641533851624,156.75,31.2
0.1390461432910615,0.1864894580196689,0.8842669129371643,0.8376699090003967,0.7979949712753296,0.7394432425498962,158.71,30.15
0.1305012568425575,0.1928574970445117,0.8918660283088684,0.8317514657974243,0.8084299564361572,0.731233537197113,162.25,30.91
0.1224450465973017,0.1726842406331687,0.8980519771575928,0.8498406410217285,0.8182962536811829,0.7546303868293762,164.08,31.67
0.1370685241014809,0.1783981264845745,0.8864346146583557,0.8445528149604797,0.8006913661956787,0.7471920847892761,141.01,30.22
0.13512647180937606,0.19702205988200935,0.888237476348877,0.8285732865333557,0.8031930923461914,0.7272306680679321,170.05,31.22
0.14573427533245273,0.19511189150649147,0.8793565034866333,0.8316484689712524,0.7900108098983765,0.7301103472709656,158.29,30.64
0.13023594804543,0.1972638329339994,0.891910970211029,0.8281289339065552,0.8086884021759033,0.7259575128555298,154.5,29.91
0.12256558887399588,0.17502056490126494,0.8976677060127258,0.8479540348052979,0.8180596828460693,0.7524235844612122,140.78,25.39
0.11399743936463089,0.17377228742918452,0.9053252339363098,0.8490851521492004,0.829812228679657,0.754260241985321,143.35,24.2
0.11177042364378384,0.17318766961830692,0.9072842597961426,0.8496061563491821,0.8328629732131958,0.7551001310348511,148.05,26.68
0.11024898935674693,0.17257871941940203,0.9086107611656189,0.8501428961753845,0.8349571228027344,0.7559286952018738,150.59,28.74
0.1089470440282664,0.17195850082144543,0.9097351431846619,0.850682258605957,0.8367528319358826,0.756751537322998,149.56,30.17
0.10777989888005683,0.17142640396549896,0.9107292890548706,0.8511550426483154,0.8383496999740601,0.7574781179428101,153.55,29.06
0.10672618264644063,0.1710525312637155,0.9116226434707642,0.8514993786811829,0.8397903442382812,0.7579931616783142,150.49,27.2
0.10578449089297524,0.17072538095148834,0.9124208688735962,0.8518128991127014,0.8410831093788147,0.7584622502326965,149.56,27.14
0.10492454870723565,0.1704846856159133,0.9131293892860413,0.8520761728286743,0.842232882976532,0.7588567733764648,149.72,27.7
0.10412783338054145,0.17024197077026237,0.9137982130050659,0.8523378372192383,0.8433225750923157,0.759244978427887,149.26,27.01
0.10334887622279416,0.1700397762092384,0.9144513010978699,0.8525481224060059,0.8443878293037415,0.759560227394104,144.68,27.11
0.10262706124944909,0.16980498067631916,0.9150614142417908,0.8527819514274597,0.8453858494758606,0.759901225566864,146.93,26.33
0.10188673833812721,0.16963399906416196,0.9156851768493652,0.8529403209686279,0.8464076519012451,0.760157585144043,149.29,28.63
0.10125244690054586,0.1694187739410916,0.9162095189094543,0.8531805276870728,0.8472689986228943,0.7605005502700806,147.61,28.39
0.10057756949781443,0.16947849598285314,0.9167677164077759,0.8530992865562439,0.8481847643852234,0.7604402303695679,148.82,27.21
0.10019562151355502,0.1692485217307065,0.917097270488739,0.853427529335022,0.8487401008605957,0.760934054851532,146.69,28.0
0.09957118516476238,0.16956607191949277,0.9175719022750854,0.8530688285827637,0.8495241403579712,0.7604546546936035,146.53,27.94
0.09894806058200417,0.16907982533243862,0.9181474447250366,0.8536462783813477,0.8504737615585327,0.7613047361373901,148.68,29.3
0.09815759650986018,0.16938829567988176,0.9187714457511902,0.8532869815826416,0.8514758348464966,0.7607666254043579,147.63,27.01
0.09749587415083373,0.16863841070113955,0.9193752408027649,0.8540716171264648,0.8524866104125977,0.7619673013687134,148.15,26.42
0.09676907479705049,0.1691697199098967,0.9199612140655518,0.8535246849060059,0.8534303903579712,0.7611315846443176,149.81,27.94
0.09619080663771017,0.16802882730356744,0.9204868674278259,0.8546481728553772,0.8543276190757751,0.7628456354141235,146.53,27.53
0.09548918463666616,0.16893728319052104,0.9210335612297058,0.8537800908088684,0.8552159667015076,0.7615255117416382,145.39,27.52
0.09498690706514663,0.16759222524391637,0.9214882254600525,0.8551262617111206,0.8560004830360413,0.7636002898216248,145.37,28.54
0.09444947797326726,0.168966982966742,0.9218893051147461,0.8537923693656921,0.8566404581069946,0.7615681886672974,149.96,30.16
0.09393235636650356,0.16682704593482856,0.9223593473434448,0.855832040309906,0.8574547171592712,0.7646259665489197,158.46,27.98
0.09334565435286162,0.1687484253701326,0.9227964282035828,0.8539681434631348,0.8581499457359314,0.7618846297264099,155.58,28.14
0.09278564694326676,0.16646721420457233,0.923326313495636,0.8561957478523254,0.8590633869171143,0.7651643753051758,152.92,27.76
0.0923247088457128,0.16850659835177498,0.9236475229263306,0.854169487953186,0.8595684170722961,0.7621661424636841,149.7,27.51
0.0915854622823719,0.1660860447162712,0.9243400692939758,0.8565440773963928,0.8607701659202576,0.7655963897705078,150.47,28.32
0.09112895011959837,0.16654561867786422,0.9246213436126709,0.8559312224388123,0.8612263798713684,0.7646623849868774,154.65,29.04
0.09037016142261167,0.16560809122952255,0.9253402352333069,0.856957733631134,0.8624635934829712,0.7662219405174255,157.46,26.55
0.09010940727846632,0.16612155765697761,0.925450325012207,0.8563467860221863,0.8626570701599121,0.7651465535163879,154.39,27.66
0.08987737835497243,0.16654358557551294,0.9257019758224487,0.8562902212142944,0.8631125688552856,0.7654414176940918,153.49,28.36
0.08993106999285953,0.16715863372224407,0.9255030155181885,0.8555509448051453,0.8627558946609497,0.7640218734741211,151.34,28.27
0.08930510311507066,0.16625225100968336,0.9260272979736328,0.8563923835754395,0.8636873960494995,0.7657153606414795,150.04,27.86
0.08845076318612823,0.16618894689993277,0.9268290400505066,0.85649573802948,0.8650035858154297,0.7658418416976929,149.89,26.91
0.08804367603697898,0.16617780269400492,0.9272083640098572,0.8565323352813721,0.8656378984451294,0.7658802270889282,153.09,26.64
0.08750841675275495,0.16607389906169595,0.9276651740074158,0.856638491153717,0.8664297461509705,0.7660175561904907,152.24,27.44
0.08742149014040422,0.16602625511586666,0.9277517199516296,0.8566839098930359,0.8665775060653687,0.7660886645317078,148.74,28.18
0.08736788647445028,0.1659958907780615,0.9277993440628052,0.8566966652870178,0.8666581511497498,0.766112744808197,153.3,26.65
0.08729717944991496,0.16599372950558727,0.927862286567688,0.8566980361938477,0.8667669296264648,0.7661136984825134,153.54,27.93
0.08729375664014297,0.1659886932151543,0.9278658628463745,0.8567085862159729,0.866773247718811,0.76612788438797,153.66,26.72
0.08729012759134232,0.1659856425547922,0.9278682470321655,0.8567086458206177,0.8667771220207214,0.7661280632019043,154.46,27.26
0.08728319334032934,0.16598597259537592,0.9278735518455505,0.8567112684249878,0.8667862415313721,0.7661317586898804,148.98,27.26
0.08728289923808222,0.1659859571404554,0.9278748631477356,0.85671067237854,0.8667885065078735,0.7661312222480774,147.51,27.05
0.08728273898537058,0.16598632413189154,0.9278749823570251,0.8567096590995789,0.8667886257171631,0.7661295533180237,148.65,28.34
0.08728249064476341,0.16598593493973887,0.927874743938446,0.8567106127738953,0.8667882084846497,0.7661310434341431,152.44,26.7
0.08728216938558488,0.16598557338521286,0.9278748631477356,0.8567118048667908,0.866788387298584,0.7661332488059998,154.62,27.08
0.08728184463304073,0.16598593081171448,0.9278760552406311,0.8567128777503967,0.8667903542518616,0.7661346793174744,149.53,27.19
0.08728145344132116,0.16598545488070798,0.9278755187988281,0.8567124605178833,0.866789698600769,0.7661342024803162,147.73,26.78
0.08728116884798623,0.16598514482580326,0.9278759360313416,0.8567125797271729,0.8667902946472168,0.7661343216896057,147.85,26.51
0.08728079712344515,0.1659851576126105,0.9278761744499207,0.8567140102386475,0.8667906522750854,0.7661364078521729,148.28,27.26
0.08728054891329563,0.16598487821583813,0.9278765320777893,0.8567166328430176,0.8667912483215332,0.7661399841308594,153.6,25.59
0.08728024142464542,0.16598416728949225,0.9278765320777893,0.8567167520523071,0.8667913675308228,0.7661407589912415,151.13,26.75
0.08727999973013012,0.1659847393229201,0.9278754591941833,0.8567165732383728,0.8667894601821899,0.766140341758728,149.16,26.24
0.0872797086066657,0.16598499898572225,0.9278756976127625,0.8567174673080444,0.8667899966239929,0.7661416530609131,150.56,25.98
